text	language
niko job leo	swahili
ninapenda party sana	swahili
tunakutana kibanda jioni	swahili
tunakutana kibanda jioni	swahili
niko naenda base	swahili
ninapenda game sana	swahili
niko town leo	swahili
tutaenda market kesho	swahili
niko naenda town	swahili
tutaenda soko kesho	swahili
niko naenda kibanda	swahili
tunakutana job jioni	swahili
ninapenda party sana	swahili
tunakutana soko jioni	swahili
niko naenda soko	swahili
tafadhali leta movie	swahili
niko soko leo	swahili
niko soko leo	swahili
tunakutana market jioni	swahili
ninapenda party sana	swahili
niko kazini office	swahili
tunakutana office jioni	swahili
niko naenda soko	swahili
ninaenda base sasa	swahili
tafadhali leta story	swahili
tafadhali leta idea	swahili
niko kazini job	swahili
tunakutana town jioni	swahili
tutakutana soko leo	swahili
ninaenda base sasa	swahili
hii food ni nzuri	swahili
ninapenda chakula sana	swahili
niko naenda center	swahili
hii story ni nzuri	swahili
tunakutana town jioni	swahili
niko job leo	swahili
ninapenda kitu sana	swahili
tutaenda base kesho	swahili
ninapenda chakula sana	swahili
tafadhali leta chakula	swahili
niko soko leo	swahili
tutakutana job leo	swahili
niko kazini school	swahili
tunakutana job jioni	swahili
niko naenda town	swahili
hii music ni nzuri	swahili
niko naenda kibanda	swahili
ninaenda office sasa	swahili
hii kitu ni nzuri	swahili
ninaenda kibanda sasa	swahili
tutaenda office kesho	swahili
tunakutana field jioni	swahili
niko kibanda leo	swahili
hii movie ni nzuri	swahili
tutakutana center leo	swahili
hii food ni nzuri	swahili
tutakutana market leo	swahili
niko base leo	swahili
niko naenda soko	swahili
hii party ni nzuri	swahili
hii kazi ni nzuri	swahili
hii party ni nzuri	swahili
tunakutana base jioni	swahili
tutakutana center leo	swahili
hii party ni nzuri	swahili
ninapenda chakula sana	swahili
hii kazi ni nzuri	swahili
tutakutana school leo	swahili
ninapenda kitu sana	swahili
niko kazini school	swahili
ninaenda field sasa	swahili
tafadhali leta game	swahili
ninapenda party sana	swahili
tafadhali leta story	swahili
niko naenda job	swahili
hii idea ni nzuri	swahili
tunakutana center jioni	swahili
hii story ni nzuri	swahili
ninapenda game sana	swahili
niko kazini town	swahili
tafadhali leta movie	swahili
niko kazini center	swahili
tunakutana soko jioni	swahili
tunakutana market jioni	swahili
niko job leo	swahili
tunakutana center jioni	swahili
tunakutana kibanda jioni	swahili
tafadhali leta movie	swahili
tutakutana job leo	swahili
niko naenda kibanda	swahili
ninaenda market sasa	swahili
tutakutana school leo	swahili
tafadhali leta music	swahili
tafadhali leta game	swahili
tunakutana job jioni	swahili
tutaenda office kesho	swahili
niko naenda base	swahili
hii chakula ni nzuri	swahili
hii food ni nzuri	swahili
niko kazini office	swahili
tunakutana field jioni	swahili
tunakutana office jioni	swahili
hii game ni nzuri	swahili
tafadhali leta kazi	swahili
tafadhali leta story	swahili
niko kazini base	swahili
tutakutana school leo	swahili
tutaenda school kesho	swahili
ninapenda idea sana	swahili
ninaenda office sasa	swahili
tafadhali leta idea	swahili
tutakutana base leo	swahili
niko kazini soko	swahili
ninapenda chakula sana	swahili
ninapenda party sana	swahili
ninapenda story sana	swahili
niko kazini center	swahili
niko school leo	swahili
niko kazini office	swahili
ninapenda game sana	swahili
ninapenda food sana	swahili
niko kazini center	swahili
ninaenda center sasa	swahili
ninaenda job sasa	swahili
tafadhali leta music	swahili
tutaenda base kesho	swahili
tutakutana base leo	swahili
ninapenda kitu sana	swahili
niko kazini field	swahili
ninapenda movie sana	swahili
niko base leo	swahili
niko kazini town	swahili
hii kitu ni nzuri	swahili
tutaenda soko kesho	swahili
tafadhali leta game	swahili
ninaenda soko sasa	swahili
niko job leo	swahili
niko naenda school	swahili
tutakutana base leo	swahili
niko soko leo	swahili
ninaenda market sasa	swahili
tafadhali leta food	swahili
hii music ni nzuri	swahili
ninaenda market sasa	swahili
niko naenda center	swahili
tafadhali leta idea	swahili
niko kazini base	swahili
tutakutana soko leo	swahili
niko kazini kibanda	swahili
ninaenda center sasa	swahili
ninaenda office sasa	swahili
tafadhali leta movie	swahili
tunakutana center jioni	swahili
tutakutana kibanda leo	swahili
tutakutana center leo	swahili
tutakutana field leo	swahili
ninaenda base sasa	swahili
ninaenda center sasa	swahili
ninaenda kibanda sasa	swahili
ninapenda story sana	swahili
hii idea ni nzuri	swahili
hii movie ni nzuri	swahili
ninapenda movie sana	swahili
ninaenda soko sasa	swahili
tafadhali leta game	swahili
tutaenda base kesho	swahili
ninaenda office sasa	swahili
tutaenda field kesho	swahili
tafadhali leta kitu	swahili
niko kazini town	swahili
tutakutana job leo	swahili
tutakutana job leo	swahili
niko kazini job	swahili
niko naenda base	swahili
ninaenda field sasa	swahili
hii idea ni nzuri	swahili
tutakutana office leo	swahili
tunakutana kibanda jioni	swahili
niko naenda job	swahili
tutaenda base kesho	swahili
hii food ni nzuri	swahili
ninaenda town sasa	swahili
hii story ni nzuri	swahili
tafadhali leta story	swahili
niko naenda kibanda	swahili
niko naenda soko	swahili
ninapenda kazi sana	swahili
tafadhali leta party	swahili
tunakutana market jioni	swahili
tutakutana kibanda leo	swahili
niko naenda school	swahili
niko kazini center	swahili
ninapenda kitu sana	swahili
ninaenda town sasa	swahili
niko field leo	swahili
tunakutana base jioni	swahili
tafadhali leta music	swahili
ninaenda job sasa	swahili
tafadhali leta movie	swahili
tafadhali leta idea	swahili
niko naenda soko	swahili
tutaenda market kesho	swahili
ninaenda field sasa	swahili
niko soko leo	swahili
ninaenda kibanda sasa	swahili
niko kazini field	swahili
tutaenda office kesho	swahili
hii food ni nzuri	swahili
tutakutana center leo	swahili
niko office leo	swahili
niko naenda kibanda	swahili
niko kazini town	swahili
niko naenda job	swahili
tafadhali leta food	swahili
ninaenda market sasa	swahili
niko job leo	swahili
niko naenda field	swahili
niko naenda soko	swahili
niko kazini field	swahili
niko kazini field	swahili
niko kazini field	swahili
ninapenda music sana	swahili
hii music ni nzuri	swahili
hii kazi ni nzuri	swahili
ninaenda field sasa	swahili
niko kazini center	swahili
niko kazini center	swahili
tutaenda job kesho	swahili
ninaenda center sasa	swahili
niko office leo	swahili
hii food ni nzuri	swahili
tutakutana kibanda leo	swahili
tunakutana office jioni	swahili
hii game ni nzuri	swahili
tafadhali leta chakula	swahili
niko kazini kibanda	swahili
niko naenda market	swahili
niko kazini base	swahili
tutakutana job leo	swahili
tunakutana field jioni	swahili
hii chakula ni nzuri	swahili
hii food ni nzuri	swahili
tafadhali leta party	swahili
ninaenda school sasa	swahili
ninaenda base sasa	swahili
tutaenda field kesho	swahili
niko naenda town	swahili
niko naenda school	swahili
niko naenda office	swahili
ninapenda story sana	swahili
hii party ni nzuri	swahili
tunakutana town jioni	swahili
niko office leo	swahili
niko kibanda leo	swahili
niko kibanda leo	swahili
niko naenda job	swahili
niko naenda job	swahili
tunakutana market jioni	swahili
niko office leo	swahili
niko kazini soko	swahili
tutaenda center kesho	swahili
niko naenda kibanda	swahili
tutaenda base kesho	swahili
niko office leo	swahili
hii game ni nzuri	swahili
tunakutana school jioni	swahili
tutakutana center leo	swahili
niko kazini kibanda	swahili
ninaenda job sasa	swahili
tunakutana school jioni	swahili
tafadhali leta movie	swahili
niko kazini soko	swahili
ninaenda job sasa	swahili
tunakutana kibanda jioni	swahili
niko kazini kibanda	swahili
tafadhali leta kitu	swahili
niko school leo	swahili
niko kazini center	swahili
hii chakula ni nzuri	swahili
niko school leo	swahili
tunakutana job jioni	swahili
tunakutana town jioni	swahili
niko school leo	swahili
ninaenda kibanda sasa	swahili
niko naenda town	swahili
tutakutana center leo	swahili
ninapenda kazi sana	swahili
tutaenda market kesho	swahili
tutaenda office kesho	swahili
ninapenda party sana	swahili
tutakutana job leo	swahili
niko kibanda leo	swahili
ninapenda idea sana	swahili
tunakutana town jioni	swahili
niko kazini town	swahili
ninapenda idea sana	swahili
ninaenda kibanda sasa	swahili
tutakutana soko leo	swahili
ninapenda food sana	swahili
niko kazini market	swahili
tutakutana kibanda leo	swahili
ninaenda school sasa	swahili
hii idea ni nzuri	swahili
tunakutana office jioni	swahili
tutaenda market kesho	swahili
niko kazini kibanda	swahili
ninapenda game sana	swahili
niko kazini soko	swahili
tutakutana base leo	swahili
niko kazini kibanda	swahili
hii party ni nzuri	swahili
niko kibanda leo	swahili
hii food ni nzuri	swahili
niko naenda office	swahili
tunakutana job jioni	swahili
niko school leo	swahili
hii idea ni nzuri	swahili
ninaenda job sasa	swahili
tutaenda base kesho	swahili
ninapenda kazi sana	swahili
tafadhali leta music	swahili
niko naenda market	swahili
niko job leo	swahili
tutaenda school kesho	swahili
tutaenda school kesho	swahili
ninapenda music sana	swahili
tutaenda market kesho	swahili
tutakutana school leo	swahili
niko kazini center	swahili
tafadhali leta kazi	swahili
tunakutana office jioni	swahili
niko town leo	swahili
tutakutana kibanda leo	swahili
tunakutana soko jioni	swahili
tutakutana soko leo	swahili
hii idea ni nzuri	swahili
tutakutana office leo	swahili
ninaenda market sasa	swahili
tunakutana center jioni	swahili
tutaenda office kesho	swahili
tutakutana job leo	swahili
niko naenda market	swahili
niko naenda job	swahili
ninaenda soko sasa	swahili
tutaenda job kesho	swahili
tafadhali leta story	swahili
niko kazini field	swahili
tafadhali leta story	swahili
tutaenda base kesho	swahili
tutakutana kibanda leo	swahili
hii story ni nzuri	swahili
niko kazini kibanda	swahili
ninaenda office sasa	swahili
niko center leo	swahili
niko naenda market	swahili
ninaenda kibanda sasa	swahili
niko center leo	swahili
tutakutana field leo	swahili
tutakutana office leo	swahili
hii kitu ni nzuri	swahili
ninapenda movie sana	swahili
niko field leo	swahili
ninaenda center sasa	swahili
niko kazini office	swahili
tunakutana school jioni	swahili
tutaenda job kesho	swahili
hii kazi ni nzuri	swahili
tunakutana field jioni	swahili
hii party ni nzuri	swahili
tutakutana market leo	swahili
ninaenda field sasa	swahili
niko kazini market	swahili
ninaenda center sasa	swahili
niko naenda center	swahili
niko kazini school	swahili
tunakutana office jioni	swahili
ninaenda kibanda sasa	swahili
niko naenda base	swahili
tunakutana job jioni	swahili
niko kazini base	swahili
ninapenda game sana	swahili
tutaenda center kesho	swahili
tutakutana school leo	swahili
tafadhali leta kazi	swahili
niko naenda town	swahili
hii food ni nzuri	swahili
niko naenda job	swahili
tutaenda town kesho	swahili
hii idea ni nzuri	swahili
ninapenda party sana	swahili
tunakutana kibanda jioni	swahili
tutakutana center leo	swahili
hii idea ni nzuri	swahili
tafadhali leta movie	swahili
hii music ni nzuri	swahili
hii kitu ni nzuri	swahili
tunakutana kibanda jioni	swahili
niko market leo	swahili
niko naenda job	swahili
ninaenda office sasa	swahili
niko field leo	swahili
niko kazini job	swahili
niko naenda job	swahili
hii chakula ni nzuri	swahili
ninapenda chakula sana	swahili
ninapenda food sana	swahili
tunakutana base jioni	swahili
niko naenda school	swahili
niko kibanda leo	swahili
tutaenda center kesho	swahili
hii kitu ni nzuri	swahili
tafadhali leta game	swahili
tunakutana job jioni	swahili
niko base leo	swahili
ninaenda job sasa	swahili
ninapenda kazi sana	swahili
niko school leo	swahili
tafadhali leta food	swahili
niko naenda office	swahili
tunakutana office jioni	swahili
ninapenda food sana	swahili
hii party ni nzuri	swahili
tutaenda field kesho	swahili
tunakutana center jioni	swahili
niko kazini town	swahili
niko base leo	swahili
ninapenda game sana	swahili
niko office leo	swahili
ninaenda office sasa	swahili
niko kazini town	swahili
tunakutana base jioni	swahili
ninaenda soko sasa	swahili
tutaenda center kesho	swahili
ninaenda kibanda sasa	swahili
niko soko leo	swahili
tutakutana office leo	swahili
tutakutana market leo	swahili
ninaenda field sasa	swahili
niko kazini town	swahili
niko kazini soko	swahili
tutaenda office kesho	swahili
tunakutana office jioni	swahili
niko town leo	swahili
niko naenda office	swahili
tafadhali leta food	swahili
tutaenda town kesho	swahili
tutakutana job leo	swahili
tutaenda job kesho	swahili
tunakutana soko jioni	swahili
ninaenda kibanda sasa	swahili
niko center leo	swahili
ninapenda chakula sana	swahili
niko kazini field	swahili
tutakutana office leo	swahili
tutaenda soko kesho	swahili
niko kazini town	swahili
niko naenda job	swahili
niko field leo	swahili
niko kazini market	swahili
tunakutana job jioni	swahili
niko naenda field	swahili
tutakutana kibanda leo	swahili
tutakutana field leo	swahili
tafadhali leta food	swahili
niko naenda town	swahili
tutakutana market leo	swahili
niko field leo	swahili
tafadhali leta chakula	swahili
tunakutana job jioni	swahili
ninapenda kazi sana	swahili
tafadhali leta kazi	swahili
tunakutana job jioni	swahili
ninapenda story sana	swahili
tafadhali leta party	swahili
niko kazini school	swahili
tafadhali leta kitu	swahili
ninaenda job sasa	swahili
tafadhali leta kitu	swahili
tutakutana kibanda leo	swahili
niko kazini field	swahili
tunakutana office jioni	swahili
niko kazini soko	swahili
niko naenda kibanda	swahili
ninapenda music sana	swahili
tunakutana kibanda jioni	swahili
tutakutana job leo	swahili
ninaenda job sasa	swahili
niko kazini office	swahili
hii game ni nzuri	swahili
tutakutana job leo	swahili
tutaenda field kesho	swahili
tutakutana base leo	swahili
hii music ni nzuri	swahili
ninaenda soko sasa	swahili
niko kazini town	swahili
hii idea ni nzuri	swahili
niko naenda center	swahili
niko kazini job	swahili
ninaenda kibanda sasa	swahili
tafadhali leta game	swahili
tuko base sai	sheng
maze twende job	sheng
tuko soko na wasee	sheng
leo kuna kitu kali	sheng
wacha tuende market	sheng
tutaenda kibanda baadaye	sheng
wacha tuende office	sheng
leo kuna music kali	sheng
tuko school na wasee	sheng
niko school na mabeste	sheng
leo kuna game kali	sheng
niko kibanda na mabeste	sheng
wacha tuende market	sheng
niko market na mabeste	sheng
leo kuna kitu kali	sheng
hii party iko fiti	sheng
twende school kidogo	sheng
maze twende market	sheng
twende field kidogo	sheng
tuko field na wasee	sheng
twende job kidogo	sheng
wacha tuende office	sheng
leo ni game mob	sheng
niko field na mabeste	sheng
hii story iko fiti	sheng
tutaenda school baadaye	sheng
hii movie iko fiti	sheng
leo kuna kazi kali	sheng
hii game iko fiti	sheng
wacha tuende school	sheng
leo kuna kitu kali	sheng
tuko base na wasee	sheng
hii food iko fiti	sheng
wacha tuende market	sheng
tuko town sai	sheng
tuko base na wasee	sheng
wacha tuende base	sheng
maze twende kibanda	sheng
tuko town na wasee	sheng
leo kuna story kali	sheng
tuko office na wasee	sheng
niko field na mabeste	sheng
leo kuna story kali	sheng
tuko town sai	sheng
leo kuna idea kali	sheng
tuko soko na wasee	sheng
niko office na mabeste	sheng
tuko job sai	sheng
niko office na mabeste	sheng
wacha tuende market	sheng
leo ni party mob	sheng
maze twende office	sheng
tuko market sai	sheng
niko field na mabeste	sheng
wacha tuende kibanda	sheng
tuko market na wasee	sheng
maze twende office	sheng
tutaenda soko baadaye	sheng
leo ni idea mob	sheng
tuko market na wasee	sheng
wacha tuende office	sheng
maze twende market	sheng
tuko kibanda sai	sheng
tuko field na wasee	sheng
hii kitu iko fiti	sheng
tuko market na wasee	sheng
maze twende office	sheng
leo ni idea mob	sheng
tuko town na wasee	sheng
tutaenda office baadaye	sheng
niko soko na mabeste	sheng
maze twende office	sheng
tuko soko na wasee	sheng
leo ni story mob	sheng
niko soko na mabeste	sheng
tuko kibanda na wasee	sheng
wacha tuende school	sheng
twende town kidogo	sheng
hii chakula iko fiti	sheng
hii kazi iko fiti	sheng
tuko town na wasee	sheng
twende soko kidogo	sheng
leo ni party mob	sheng
wacha tuende market	sheng
hii idea iko fiti	sheng
tutaenda base baadaye	sheng
leo kuna music kali	sheng
leo ni movie mob	sheng
tutaenda town baadaye	sheng
tuko job na wasee	sheng
leo ni story mob	sheng
hii chakula iko fiti	sheng
niko job na mabeste	sheng
tutaenda school baadaye	sheng
tutaenda soko baadaye	sheng
tuko kibanda na wasee	sheng
leo ni kazi mob	sheng
wacha tuende base	sheng
maze twende kibanda	sheng
tuko base na wasee	sheng
tutaenda field baadaye	sheng
tuko market na wasee	sheng
tutaenda school baadaye	sheng
tuko office na wasee	sheng
leo ni party mob	sheng
maze twende base	sheng
maze twende field	sheng
tuko office sai	sheng
tutaenda field baadaye	sheng
twende field kidogo	sheng
twende market kidogo	sheng
tuko school sai	sheng
tutaenda job baadaye	sheng
wacha tuende office	sheng
leo kuna story kali	sheng
niko office na mabeste	sheng
niko office na mabeste	sheng
twende soko kidogo	sheng
wacha tuende school	sheng
hii chakula iko fiti	sheng
leo ni story mob	sheng
tutaenda school baadaye	sheng
wacha tuende soko	sheng
twende field kidogo	sheng
hii kitu iko fiti	sheng
leo ni chakula mob	sheng
twende market kidogo	sheng
twende town kidogo	sheng
tutaenda center baadaye	sheng
niko center na mabeste	sheng
tuko field sai	sheng
hii story iko fiti	sheng
maze twende school	sheng
twende school kidogo	sheng
maze twende field	sheng
maze twende field	sheng
hii idea iko fiti	sheng
leo kuna party kali	sheng
maze twende field	sheng
niko town na mabeste	sheng
tuko center na wasee	sheng
maze twende base	sheng
tuko base sai	sheng
tutaenda kibanda baadaye	sheng
maze twende soko	sheng
wacha tuende center	sheng
twende job kidogo	sheng
hii kitu iko fiti	sheng
tuko job sai	sheng
tuko field na wasee	sheng
tutaenda field baadaye	sheng
hii movie iko fiti	sheng
maze twende school	sheng
maze twende soko	sheng
wacha tuende base	sheng
wacha tuende base	sheng
leo ni party mob	sheng
niko town na mabeste	sheng
twende town kidogo	sheng
leo kuna music kali	sheng
tuko base sai	sheng
tuko center sai	sheng
tuko market na wasee	sheng
maze twende office	sheng
leo ni chakula mob	sheng
tutaenda soko baadaye	sheng
wacha tuende job	sheng
tutaenda school baadaye	sheng
wacha tuende center	sheng
hii music iko fiti	sheng
niko base na mabeste	sheng
maze twende town	sheng
tuko field na wasee	sheng
leo kuna chakula kali	sheng
tutaenda field baadaye	sheng
twende field kidogo	sheng
leo kuna party kali	sheng
tuko market sai	sheng
maze twende field	sheng
twende office kidogo	sheng
niko market na mabeste	sheng
leo ni chakula mob	sheng
leo kuna game kali	sheng
tuko center na wasee	sheng
tuko center na wasee	sheng
maze twende kibanda	sheng
maze twende center	sheng
leo ni movie mob	sheng
wacha tuende job	sheng
tutaenda job baadaye	sheng
tuko base na wasee	sheng
leo kuna kitu kali	sheng
leo ni music mob	sheng
leo ni chakula mob	sheng
tuko town sai	sheng
tuko town na wasee	sheng
leo ni music mob	sheng
twende job kidogo	sheng
maze twende office	sheng
tuko center na wasee	sheng
maze twende school	sheng
tuko soko na wasee	sheng
twende center kidogo	sheng
hii party iko fiti	sheng
niko base na mabeste	sheng
niko market na mabeste	sheng
twende market kidogo	sheng
niko job na mabeste	sheng
niko job na mabeste	sheng
twende office kidogo	sheng
twende job kidogo	sheng
niko center na mabeste	sheng
tuko job sai	sheng
niko kibanda na mabeste	sheng
niko kibanda na mabeste	sheng
leo kuna game kali	sheng
leo kuna story kali	sheng
wacha tuende center	sheng
maze twende school	sheng
maze twende town	sheng
maze twende job	sheng
tuko school sai	sheng
twende soko kidogo	sheng
leo kuna movie kali	sheng
maze twende soko	sheng
maze twende office	sheng
tuko office na wasee	sheng
tuko soko sai	sheng
hii kitu iko fiti	sheng
tuko school sai	sheng
tuko market na wasee	sheng
tuko town sai	sheng
hii party iko fiti	sheng
hii kitu iko fiti	sheng
tutaenda kibanda baadaye	sheng
maze twende center	sheng
leo ni chakula mob	sheng
niko field na mabeste	sheng
tutaenda soko baadaye	sheng
twende field kidogo	sheng
niko soko na mabeste	sheng
twende market kidogo	sheng
leo kuna story kali	sheng
tuko market sai	sheng
tutaenda base baadaye	sheng
tuko school na wasee	sheng
hii story iko fiti	sheng
leo kuna chakula kali	sheng
tuko center na wasee	sheng
niko office na mabeste	sheng
leo kuna music kali	sheng
tuko market sai	sheng
tutaenda town baadaye	sheng
wacha tuende office	sheng
leo kuna party kali	sheng
hii kitu iko fiti	sheng
wacha tuende town	sheng
hii kazi iko fiti	sheng
tutaenda market baadaye	sheng
twende soko kidogo	sheng
tuko town na wasee	sheng
leo kuna movie kali	sheng
twende school kidogo	sheng
niko school na mabeste	sheng
hii game iko fiti	sheng
wacha tuende office	sheng
niko center na mabeste	sheng
tutaenda town baadaye	sheng
leo ni chakula mob	sheng
niko kibanda na mabeste	sheng
tuko kibanda sai	sheng
leo kuna party kali	sheng
tuko job sai	sheng
leo ni idea mob	sheng
maze twende office	sheng
wacha tuende center	sheng
tuko center sai	sheng
maze twende center	sheng
leo ni kazi mob	sheng
hii idea iko fiti	sheng
wacha tuende town	sheng
tutaenda office baadaye	sheng
twende office kidogo	sheng
tuko job na wasee	sheng
maze twende base	sheng
wacha tuende soko	sheng
niko field na mabeste	sheng
leo ni chakula mob	sheng
twende base kidogo	sheng
twende kibanda kidogo	sheng
tutaenda town baadaye	sheng
tuko field sai	sheng
leo ni idea mob	sheng
hii movie iko fiti	sheng
leo ni game mob	sheng
tuko soko sai	sheng
tuko market na wasee	sheng
leo ni kazi mob	sheng
hii chakula iko fiti	sheng
maze twende center	sheng
twende soko kidogo	sheng
hii chakula iko fiti	sheng
tuko office na wasee	sheng
niko kibanda na mabeste	sheng
twende base kidogo	sheng
hii party iko fiti	sheng
tuko kibanda na wasee	sheng
hii food iko fiti	sheng
tutaenda center baadaye	sheng
leo kuna music kali	sheng
wacha tuende office	sheng
twende field kidogo	sheng
leo kuna game kali	sheng
tuko soko sai	sheng
twende kibanda kidogo	sheng
leo ni food mob	sheng
tutaenda market baadaye	sheng
hii kazi iko fiti	sheng
leo ni chakula mob	sheng
leo kuna music kali	sheng
wacha tuende town	sheng
leo kuna story kali	sheng
tuko school sai	sheng
maze twende center	sheng
hii kitu iko fiti	sheng
hii kitu iko fiti	sheng
hii party iko fiti	sheng
maze twende soko	sheng
tuko town sai	sheng
leo ni kazi mob	sheng
leo kuna movie kali	sheng
wacha tuende kibanda	sheng
leo ni chakula mob	sheng
wacha tuende kibanda	sheng
leo ni game mob	sheng
leo kuna story kali	sheng
hii party iko fiti	sheng
twende town kidogo	sheng
tuko school na wasee	sheng
tutaenda market baadaye	sheng
leo ni chakula mob	sheng
maze twende school	sheng
tuko market na wasee	sheng
tuko soko sai	sheng
maze twende soko	sheng
tuko base na wasee	sheng
hii music iko fiti	sheng
hii food iko fiti	sheng
leo ni food mob	sheng
tuko town sai	sheng
niko market na mabeste	sheng
maze twende market	sheng
leo ni kazi mob	sheng
tuko market na wasee	sheng
wacha tuende soko	sheng
hii food iko fiti	sheng
wacha tuende center	sheng
wacha tuende soko	sheng
hii kitu iko fiti	sheng
tuko center sai	sheng
leo kuna kitu kali	sheng
wacha tuende kibanda	sheng
tuko field na wasee	sheng
leo ni movie mob	sheng
tuko base sai	sheng
niko office na mabeste	sheng
niko kibanda na mabeste	sheng
maze twende office	sheng
twende center kidogo	sheng
niko center na mabeste	sheng
leo kuna chakula kali	sheng
tuko base na wasee	sheng
tuko market sai	sheng
tutaenda soko baadaye	sheng
leo kuna game kali	sheng
tuko base sai	sheng
wacha tuende kibanda	sheng
wacha tuende school	sheng
wacha tuende field	sheng
wacha tuende school	sheng
leo ni party mob	sheng
leo ni movie mob	sheng
twende field kidogo	sheng
leo kuna story kali	sheng
twende school kidogo	sheng
tutaenda school baadaye	sheng
maze twende base	sheng
leo kuna music kali	sheng
twende job kidogo	sheng
maze twende job	sheng
maze twende market	sheng
leo kuna music kali	sheng
wacha tuende kibanda	sheng
hii music iko fiti	sheng
maze twende soko	sheng
tutaenda kibanda baadaye	sheng
wacha tuende job	sheng
niko base na mabeste	sheng
twende kibanda kidogo	sheng
tuko base sai	sheng
leo kuna story kali	sheng
twende soko kidogo	sheng
hii kazi iko fiti	sheng
hii story iko fiti	sheng
leo kuna story kali	sheng
niko office na mabeste	sheng
niko school na mabeste	sheng
tutaenda market baadaye	sheng
leo kuna party kali	sheng
niko market na mabeste	sheng
maze twende school	sheng
hii kitu iko fiti	sheng
wacha tuende field	sheng
tuko job sai	sheng
tuko job na wasee	sheng
tuko town sai	sheng
tuko field sai	sheng
leo kuna kitu kali	sheng
leo kuna movie kali	sheng
leo kuna kazi kali	sheng
wacha tuende soko	sheng
leo kuna kazi kali	sheng
twende market kidogo	sheng
tuko soko sai	sheng
leo ni food mob	sheng
tuko job na wasee	sheng
niko kibanda na mabeste	sheng
leo kuna music kali	sheng
maze twende soko	sheng
maze twende market	sheng
tuko job sai	sheng
tutaenda center baadaye	sheng
tuko field sai	sheng
maze twende town	sheng
niko center na mabeste	sheng
leo ni kitu mob	sheng
leo kuna idea kali	sheng
leo ni party mob	sheng
niko market na mabeste	sheng
twende school kidogo	sheng
tuko office na wasee	sheng
leo ni idea mob	sheng
leo ni story mob	sheng
hii chakula iko fiti	sheng
twende kibanda kidogo	sheng
maze twende market	sheng
twende job kidogo	sheng
leo ni food mob	sheng
leo kuna game kali	sheng
maze twende job	sheng
hii kitu iko fiti	sheng
tuko center na wasee	sheng
tuko field na wasee	sheng
leo kuna idea kali	sheng
leo ni movie mob	sheng
wacha tuende town	sheng
niko base na mabeste	sheng
hii music iko fiti	sheng
twende center kidogo	sheng
tuko town sai	sheng
tutaenda center baadaye	sheng
tuko office sai	sheng
hii party iko fiti	sheng
niko school na mabeste	sheng
twende job kidogo	sheng
tuko town sai	sheng
tuko base sai	sheng
hii game iko fiti	sheng
tuko school sai	sheng
wacha tuende kibanda	sheng
leo kuna kazi kali	sheng
tutaenda center baadaye	sheng
wacha tuende job	sheng
leo kuna party kali	sheng
tutaenda market baadaye	sheng
twende field kidogo	sheng
leo kuna kazi kali	sheng
tuko school sai	sheng
niko school na mabeste	sheng
maze twende office	sheng
maze twende school	sheng
maze twende base	sheng
twende office kidogo	sheng
twende market kidogo	sheng
wacha tuende soko	sheng
twende field kidogo	sheng
maze twende school	sheng
tuko job sai	sheng
tuko soko sai	sheng
twende center kidogo	sheng
twende market kidogo	sheng
tuko school na wasee	sheng
maze twende field	sheng
leo ni game mob	sheng
niko market na mabeste	sheng
wacha tuende soko	sheng
tutaenda soko baadaye	sheng
tuko center sai	sheng
tuko office na wasee	sheng
niko job na mabeste	sheng
please bring the idea	english
i will visit the office	english
i like this story	english
this kitu is very good	english
we will meet at the field	english
let us go to the office	english
let us go to the base	english
we are at the job today	english
this game is very good	english
this party is very good	english
the party is interesting	english
i will visit the kibanda	english
we are at the soko today	english
we will meet at the market	english
let us go to the town	english
i am going to the field	english
i am going to the soko	english
we saw the chakula yesterday	english
i like this music	english
please bring the story	english
i am going to the school	english
this idea is very good	english
let us go to the office	english
the music is interesting	english
please bring the music	english
i am going to the kibanda	english
the party is interesting	english
please bring the party	english
this music is very good	english
we are at the market today	english
i will visit the kibanda	english
let us go to the field	english
we will meet at the office	english
i like this game	english
i am going to the center	english
please bring the kazi	english
i will visit the center	english
the game is interesting	english
we saw the game yesterday	english
i will visit the market	english
we will meet at the market	english
the music is interesting	english
this game is very good	english
the party is interesting	english
this chakula is very good	english
let us go to the field	english
we are at the town today	english
we are at the job today	english
i will visit the school	english
i like this idea	english
we will meet at the school	english
the game is interesting	english
we will meet at the field	english
this movie is very good	english
we saw the kitu yesterday	english
i am going to the job	english
we will meet at the school	english
we saw the game yesterday	english
the food is interesting	english
i like this idea	english
i will visit the kibanda	english
we will meet at the market	english
i will visit the field	english
i am going to the office	english
the party is interesting	english
i like this music	english
we saw the idea yesterday	english
we are at the kibanda today	english
we are at the job today	english
we will meet at the town	english
i like this chakula	english
we are at the school today	english
we will meet at the town	english
this chakula is very good	english
please bring the kitu	english
please bring the kitu	english
please bring the movie	english
please bring the kazi	english
the music is interesting	english
we saw the idea yesterday	english
i am going to the kibanda	english
i am going to the school	english
please bring the music	english
this story is very good	english
please bring the party	english
we saw the game yesterday	english
this music is very good	english
i am going to the base	english
let us go to the market	english
the story is interesting	english
please bring the music	english
this kitu is very good	english
i will visit the field	english
i like this game	english
please bring the food	english
this party is very good	english
this music is very good	english
the food is interesting	english
i am going to the school	english
we are at the job today	english
this game is very good	english
i will visit the soko	english
i am going to the center	english
please bring the music	english
we will meet at the market	english
let us go to the market	english
let us go to the center	english
let us go to the job	english
this food is very good	english
i like this chakula	english
please bring the chakula	english
let us go to the job	english
this music is very good	english
i like this story	english
i am going to the soko	english
this movie is very good	english
please bring the idea	english
i will visit the job	english
the party is interesting	english
the chakula is interesting	english
the party is interesting	english
this music is very good	english
i like this music	english
i will visit the job	english
we will meet at the base	english
this chakula is very good	english
i am going to the kibanda	english
i will visit the field	english
we saw the idea yesterday	english
please bring the party	english
the movie is interesting	english
let us go to the center	english
we will meet at the base	english
the movie is interesting	english
i will visit the kibanda	english
we are at the center today	english
we saw the movie yesterday	english
let us go to the field	english
this music is very good	english
i like this movie	english
let us go to the school	english
the chakula is interesting	english
we are at the center today	english
i like this story	english
i am going to the town	english
i like this story	english
the chakula is interesting	english
we will meet at the school	english
let us go to the job	english
please bring the kitu	english
i am going to the job	english
let us go to the field	english
let us go to the center	english
let us go to the base	english
this food is very good	english
this story is very good	english
we will meet at the office	english
we saw the movie yesterday	english
we will meet at the job	english
we saw the party yesterday	english
this idea is very good	english
we are at the school today	english
we will meet at the base	english
i like this chakula	english
i will visit the office	english
this music is very good	english
i will visit the kibanda	english
please bring the food	english
i am going to the office	english
the idea is interesting	english
i like this music	english
we are at the market today	english
this kitu is very good	english
let us go to the market	english
let us go to the school	english
we will meet at the market	english
please bring the movie	english
we will meet at the office	english
please bring the party	english
this chakula is very good	english
we are at the soko today	english
the kitu is interesting	english
i will visit the office	english
we will meet at the school	english
the music is interesting	english
please bring the party	english
this story is very good	english
i will visit the base	english
i am going to the kibanda	english
let us go to the office	english
we saw the kitu yesterday	english
the chakula is interesting	english
we are at the center today	english
we saw the game yesterday	english
we are at the office today	english
we are at the school today	english
please bring the party	english
i will visit the center	english
i will visit the center	english
the party is interesting	english
we will meet at the soko	english
we saw the kazi yesterday	english
we saw the music yesterday	english
the story is interesting	english
we will meet at the center	english
let us go to the soko	english
we are at the school today	english
this movie is very good	english
the food is interesting	english
i will visit the base	english
we will meet at the office	english
we saw the idea yesterday	english
we are at the base today	english
i will visit the base	english
we saw the kazi yesterday	english
i will visit the soko	english
let us go to the school	english
please bring the game	english
we will meet at the soko	english
the kazi is interesting	english
i like this game	english
please bring the music	english
this kazi is very good	english
the party is interesting	english
we saw the story yesterday	english
i am going to the market	english
we are at the office today	english
i will visit the town	english
we saw the kazi yesterday	english
this idea is very good	english
i am going to the job	english
i like this movie	english
we will meet at the base	english
i will visit the kibanda	english
the chakula is interesting	english
we will meet at the base	english
i will visit the soko	english
i like this music	english
we saw the kazi yesterday	english
i like this movie	english
this game is very good	english
please bring the kitu	english
i like this story	english
the party is interesting	english
let us go to the job	english
we saw the game yesterday	english
please bring the food	english
i am going to the market	english
let us go to the kibanda	english
let us go to the soko	english
i will visit the town	english
we will meet at the center	english
we saw the chakula yesterday	english
the idea is interesting	english
please bring the movie	english
i like this party	english
i like this kazi	english
we are at the job today	english
please bring the story	english
i like this kitu	english
we saw the kazi yesterday	english
the movie is interesting	english
let us go to the town	english
i am going to the kibanda	english
we saw the game yesterday	english
this game is very good	english
we saw the chakula yesterday	english
we will meet at the center	english
please bring the music	english
we are at the job today	english
the kitu is interesting	english
we will meet at the base	english
i will visit the town	english
i will visit the field	english
i am going to the kibanda	english
i like this party	english
the movie is interesting	english
we will meet at the base	english
the movie is interesting	english
i like this party	english
i like this story	english
this chakula is very good	english
we will meet at the center	english
we will meet at the soko	english
let us go to the kibanda	english
this movie is very good	english
this movie is very good	english
let us go to the school	english
i am going to the town	english
let us go to the school	english
please bring the music	english
i am going to the field	english
let us go to the school	english
please bring the idea	english
i will visit the school	english
we will meet at the school	english
please bring the story	english
i like this kitu	english
i will visit the job	english
i will visit the base	english
please bring the music	english
please bring the movie	english
we will meet at the town	english
the kitu is interesting	english
i will visit the base	english
i am going to the market	english
please bring the party	english
we will meet at the school	english
please bring the idea	english
i will visit the base	english
we are at the kibanda today	english
the idea is interesting	english
we saw the game yesterday	english
i like this kazi	english
we are at the soko today	english
let us go to the school	english
we are at the office today	english
let us go to the kibanda	english
i like this chakula	english
please bring the story	english
please bring the kitu	english
i will visit the kibanda	english
we saw the music yesterday	english
we are at the kibanda today	english
i like this kazi	english
let us go to the town	english
the game is interesting	english
let us go to the base	english
we will meet at the market	english
this party is very good	english
i will visit the school	english
this movie is very good	english
we will meet at the kibanda	english
please bring the music	english
i am going to the town	english
this music is very good	english
we will meet at the base	english
please bring the kazi	english
we saw the game yesterday	english
i will visit the office	english
we will meet at the office	english
we are at the base today	english
please bring the party	english
we are at the town today	english
the story is interesting	english
we saw the idea yesterday	english
please bring the movie	english
the story is interesting	english
we saw the chakula yesterday	english
we saw the story yesterday	english
the music is interesting	english
let us go to the kibanda	english
we will meet at the job	english
i will visit the base	english
please bring the movie	english
i like this idea	english
please bring the food	english
i like this music	english
i am going to the office	english
i like this game	english
please bring the chakula	english
let us go to the town	english
i like this food	english
we are at the job today	english
please bring the story	english
we are at the market today	english
this kazi is very good	english
i will visit the center	english
i like this food	english
this game is very good	english
let us go to the market	english
the idea is interesting	english
we will meet at the center	english
this party is very good	english
please bring the kitu	english
i will visit the kibanda	english
please bring the game	english
please bring the game	english
let us go to the center	english
i like this food	english
the idea is interesting	english
let us go to the soko	english
the game is interesting	english
i like this story	english
please bring the movie	english
this story is very good	english
this kitu is very good	english
i like this music	english
the movie is interesting	english
this music is very good	english
the party is interesting	english
this kazi is very good	english
this story is very good	english
let us go to the job	english
this story is very good	english
i am going to the soko	english
we will meet at the market	english
the music is interesting	english
we are at the center today	english
i am going to the school	english
this story is very good	english
we saw the music yesterday	english
i will visit the job	english
we are at the kibanda today	english
i am going to the center	english
we will meet at the school	english
this chakula is very good	english
i am going to the soko	english
we saw the idea yesterday	english
let us go to the school	english
we saw the music yesterday	english
let us go to the school	english
i am going to the job	english
we will meet at the base	english
we are at the soko today	english
i will visit the kibanda	english
i like this movie	english
i will visit the base	english
the party is interesting	english
i will visit the office	english
i am going to the market	english
this movie is very good	english
the chakula is interesting	english
the movie is interesting	english
we saw the movie yesterday	english
i like this idea	english
please bring the movie	english
the kitu is interesting	english
i like this music	english
we saw the idea yesterday	english
i like this chakula	english
let us go to the town	english
this story is very good	english
i will visit the town	english
we saw the game yesterday	english
we are at the center today	english
the party is interesting	english
this music is very good	english
we will meet at the town	english
the music is interesting	english
let us go to the soko	english
we saw the kitu yesterday	english
the music is interesting	english
please bring the story	english
i am going to the kibanda	english
i like this movie	english
i like this music	english
i am going to the base	english
we are at the market today	english
let us go to the school	english
we are at the market today	english
we are at the office today	english
the food is interesting	english
this party is very good	english
we will meet at the field	english
please bring the food	english
please bring the idea	english
we will meet at the market	english
i like this game	english
i like this idea	english
i will visit the center	english
i am going to the field	english
the story is interesting	english
let us go to the center	english
we are at the town today	english
let us go to the school	english
let us go to the field	english
let us go to the office	english
we saw the food yesterday	english
i will visit the soko	english
we are at the field today	english
we will meet at the market	english
i will visit the field	english
please bring the game	english
the chakula is interesting	english
the music is interesting	english
this food is very good	english
we will meet at the job	english
we are at the center today	english
i will visit the school	english
i will visit the office	english
this chakula is very good	english
i like this food	english
we are at the base today	english
let us go to the market	english
we saw the kitu yesterday	english
we are at the kibanda today	english
the kitu is interesting	english
we are at the field today	english
i am going to the market	english
we are at the office today	english
we are at the kibanda today	english
i will visit the town	english
let us go to the town	english
we saw the kazi yesterday	english
let us go to the school	english
please bring the food	english
we will meet at the school	english
this game is very good	english
i am going to the office	english
an gi tich e market	luo
game en maber	luo
waneno e market	luo
an gi tich e center	luo
adhi tich e job	luo
wan gi music maber	luo
idea en maber	luo
party en gi teko	luo
adhi tich e center	luo
waneno e base	luo
an gi tich e job	luo
wan bedo e office	luo
waneno e school	luo
wan gi movie maber	luo
wan bedo e center	luo
wan dhi kibanda koro	luo
wan bedo e field	luo
wan dhi school koro	luo
wan dhi base koro	luo
waneno e office	luo
waneno e center	luo
idea en gi teko	luo
adhi field kiny	luo
wan gi movie maber	luo
an gi tich e soko	luo
kazi en gi teko	luo
an gi tich e school	luo
food en gi teko	luo
wan bedo e town	luo
an gi tich e kibanda	luo
aora ber job	luo
an gi tich e town	luo
aora ber town	luo
an gi tich e town	luo
waneno e town	luo
adhi job kiny	luo
an gi tich e field	luo
wan dhi base koro	luo
waneno e town	luo
kazi en gi teko	luo
music en gi teko	luo
waneno e field	luo
waneno e market	luo
party en gi teko	luo
adhi base kiny	luo
aora ber center	luo
adhi office kiny	luo
waneno e market	luo
wan bedo e town	luo
adhi soko kiny	luo
adhi tich e base	luo
wan dhi market koro	luo
wan gi idea maber	luo
adhi field kiny	luo
kazi en maber	luo
wan gi movie maber	luo
wan dhi base koro	luo
adhi field kiny	luo
waneno e center	luo
story en maber	luo
waneno e center	luo
wan dhi market koro	luo
story en gi teko	luo
wan dhi office koro	luo
an gi tich e school	luo
party en gi teko	luo
waneno e school	luo
adhi tich e market	luo
adhi tich e center	luo
aora ber town	luo
aora ber town	luo
adhi tich e field	luo
wan gi kitu maber	luo
wan bedo e soko	luo
waneno e field	luo
adhi tich e office	luo
waneno e base	luo
an gi tich e center	luo
wan bedo e school	luo
waneno e center	luo
adhi tich e kibanda	luo
wan dhi job koro	luo
waneno e school	luo
food en maber	luo
kazi en maber	luo
wan gi movie maber	luo
wan gi music maber	luo
waneno e school	luo
an gi tich e center	luo
music en gi teko	luo
an gi tich e town	luo
aora ber soko	luo
aora ber school	luo
an gi tich e job	luo
wan gi idea maber	luo
chakula en maber	luo
party en gi teko	luo
waneno e center	luo
an gi tich e job	luo
wan gi story maber	luo
waneno e office	luo
kitu en gi teko	luo
kazi en maber	luo
waneno e school	luo
food en maber	luo
wan gi chakula maber	luo
adhi soko kiny	luo
story en gi teko	luo
wan dhi kibanda koro	luo
wan bedo e center	luo
idea en gi teko	luo
chakula en maber	luo
adhi office kiny	luo
wan bedo e office	luo
an gi tich e market	luo
wan bedo e soko	luo
an gi tich e job	luo
adhi tich e center	luo
wan dhi soko koro	luo
wan dhi school koro	luo
chakula en gi teko	luo
wan bedo e soko	luo
wan dhi market koro	luo
party en gi teko	luo
aora ber center	luo
adhi field kiny	luo
wan dhi center koro	luo
wan dhi market koro	luo
kazi en maber	luo
an gi tich e town	luo
wan dhi soko koro	luo
an gi tich e soko	luo
waneno e market	luo
adhi tich e town	luo
waneno e kibanda	luo
chakula en maber	luo
wan bedo e kibanda	luo
wan dhi job koro	luo
waneno e school	luo
adhi soko kiny	luo
wan dhi field koro	luo
aora ber base	luo
music en maber	luo
wan bedo e base	luo
story en gi teko	luo
wan gi idea maber	luo
party en maber	luo
kitu en maber	luo
party en maber	luo
story en maber	luo
party en gi teko	luo
adhi tich e market	luo
wan bedo e office	luo
adhi kibanda kiny	luo
movie en gi teko	luo
adhi market kiny	luo
aora ber base	luo
an gi tich e field	luo
wan dhi kibanda koro	luo
kazi en maber	luo
an gi tich e school	luo
food en gi teko	luo
food en maber	luo
wan dhi job koro	luo
wan dhi base koro	luo
chakula en gi teko	luo
wan dhi base koro	luo
wan dhi market koro	luo
wan gi kitu maber	luo
wan gi story maber	luo
waneno e base	luo
waneno e office	luo
wan dhi kibanda koro	luo
adhi tich e base	luo
wan bedo e kibanda	luo
waneno e field	luo
idea en gi teko	luo
wan gi game maber	luo
kazi en maber	luo
wan dhi job koro	luo
wan dhi field koro	luo
wan dhi base koro	luo
wan dhi base koro	luo
adhi tich e soko	luo
wan dhi kibanda koro	luo
adhi field kiny	luo
game en gi teko	luo
wan dhi center koro	luo
wan bedo e kibanda	luo
aora ber soko	luo
kazi en maber	luo
wan gi story maber	luo
adhi school kiny	luo
wan bedo e office	luo
music en gi teko	luo
kitu en maber	luo
food en gi teko	luo
wan gi food maber	luo
wan gi idea maber	luo
wan dhi school koro	luo
adhi base kiny	luo
wan bedo e kibanda	luo
waneno e market	luo
kazi en maber	luo
aora ber base	luo
aora ber school	luo
wan bedo e office	luo
an gi tich e field	luo
adhi kibanda kiny	luo
adhi tich e field	luo
waneno e base	luo
an gi tich e base	luo
waneno e base	luo
wan gi party maber	luo
kitu en maber	luo
wan bedo e field	luo
music en gi teko	luo
an gi tich e school	luo
wan bedo e market	luo
wan bedo e field	luo
aora ber job	luo
game en maber	luo
adhi center kiny	luo
waneno e office	luo
adhi tich e center	luo
aora ber base	luo
wan gi idea maber	luo
adhi tich e kibanda	luo
an gi tich e base	luo
wan dhi center koro	luo
adhi office kiny	luo
adhi tich e kibanda	luo
kitu en maber	luo
wan gi story maber	luo
wan bedo e school	luo
an gi tich e base	luo
wan bedo e kibanda	luo
food en gi teko	luo
an gi tich e town	luo
an gi tich e kibanda	luo
an gi tich e base	luo
idea en maber	luo
story en maber	luo
adhi tich e school	luo
an gi tich e base	luo
wan bedo e market	luo
wan gi party maber	luo
wan gi party maber	luo
adhi tich e center	luo
music en gi teko	luo
wan dhi town koro	luo
adhi kibanda kiny	luo
music en maber	luo
an gi tich e job	luo
aora ber field	luo
waneno e school	luo
waneno e kibanda	luo
movie en gi teko	luo
wan bedo e base	luo
an gi tich e kibanda	luo
wan dhi base koro	luo
food en maber	luo
kazi en gi teko	luo
food en gi teko	luo
wan bedo e field	luo
wan gi story maber	luo
aora ber field	luo
adhi office kiny	luo
wan dhi field koro	luo
adhi tich e center	luo
wan dhi market koro	luo
movie en maber	luo
wan gi music maber	luo
an gi tich e office	luo
movie en gi teko	luo
story en gi teko	luo
aora ber soko	luo
an gi tich e office	luo
adhi tich e field	luo
adhi tich e base	luo
an gi tich e base	luo
an gi tich e soko	luo
wan bedo e school	luo
wan bedo e kibanda	luo
aora ber office	luo
wan dhi soko koro	luo
aora ber job	luo
an gi tich e school	luo
waneno e office	luo
wan bedo e base	luo
wan gi kazi maber	luo
wan bedo e town	luo
wan dhi soko koro	luo
wan dhi kibanda koro	luo
wan dhi kibanda koro	luo
waneno e center	luo
adhi tich e town	luo
wan gi chakula maber	luo
party en gi teko	luo
wan gi food maber	luo
wan dhi field koro	luo
adhi office kiny	luo
wan dhi job koro	luo
an gi tich e center	luo
waneno e town	luo
wan dhi soko koro	luo
an gi tich e town	luo
wan bedo e field	luo
kazi en maber	luo
waneno e base	luo
adhi field kiny	luo
aora ber market	luo
waneno e market	luo
adhi office kiny	luo
adhi market kiny	luo
chakula en gi teko	luo
wan bedo e school	luo
wan bedo e base	luo
aora ber soko	luo
wan bedo e town	luo
adhi tich e office	luo
wan dhi town koro	luo
food en maber	luo
wan dhi school koro	luo
waneno e job	luo
food en gi teko	luo
music en gi teko	luo
adhi tich e job	luo
wan gi music maber	luo
an gi tich e center	luo
wan bedo e office	luo
food en gi teko	luo
an gi tich e office	luo
waneno e kibanda	luo
wan bedo e soko	luo
waneno e field	luo
movie en gi teko	luo
food en maber	luo
waneno e market	luo
wan bedo e center	luo
wan bedo e town	luo
adhi field kiny	luo
game en gi teko	luo
wan gi chakula maber	luo
an gi tich e center	luo
adhi tich e base	luo
an gi tich e office	luo
an gi tich e job	luo
music en gi teko	luo
game en gi teko	luo
wan gi idea maber	luo
adhi town kiny	luo
wan gi kazi maber	luo
waneno e town	luo
an gi tich e job	luo
aora ber center	luo
waneno e market	luo
wan bedo e market	luo
wan gi kitu maber	luo
waneno e market	luo
an gi tich e town	luo
wan bedo e soko	luo
party en maber	luo
adhi job kiny	luo
an gi tich e town	luo
waneno e center	luo
an gi tich e town	luo
waneno e job	luo
game en gi teko	luo
adhi school kiny	luo
aora ber market	luo
wan bedo e kibanda	luo
kazi en maber	luo
aora ber job	luo
waneno e kibanda	luo
adhi tich e center	luo
waneno e base	luo
adhi tich e field	luo
aora ber job	luo
party en gi teko	luo
waneno e office	luo
adhi market kiny	luo
waneno e center	luo
story en maber	luo
an gi tich e center	luo
aora ber town	luo
wan gi idea maber	luo
an gi tich e soko	luo
waneno e office	luo
chakula en maber	luo
an gi tich e town	luo
party en gi teko	luo
wan dhi market koro	luo
movie en maber	luo
party en maber	luo
adhi tich e office	luo
adhi tich e market	luo
an gi tich e field	luo
movie en gi teko	luo
wan dhi field koro	luo
chakula en maber	luo
movie en gi teko	luo
wan bedo e school	luo
adhi tich e kibanda	luo
adhi kibanda kiny	luo
kitu en maber	luo
food en gi teko	luo
aora ber kibanda	luo
wan dhi field koro	luo
wan bedo e job	luo
adhi tich e center	luo
waneno e kibanda	luo
an gi tich e office	luo
music en maber	luo
kitu en maber	luo
adhi center kiny	luo
aora ber market	luo
music en gi teko	luo
an gi tich e town	luo
adhi tich e soko	luo
wan gi chakula maber	luo
adhi tich e market	luo
aora ber school	luo
adhi tich e school	luo
waneno e market	luo
an gi tich e market	luo
wan dhi kibanda koro	luo
wan dhi office koro	luo
food en gi teko	luo
adhi tich e field	luo
aora ber town	luo
an gi tich e soko	luo
aora ber center	luo
wan dhi job koro	luo
game en gi teko	luo
chakula en gi teko	luo
adhi job kiny	luo
aora ber field	luo
wan bedo e office	luo
wan gi food maber	luo
story en maber	luo
adhi tich e center	luo
adhi tich e office	luo
adhi tich e center	luo
an gi tich e kibanda	luo
aora ber soko	luo
wan gi party maber	luo
wan dhi center koro	luo
an gi tich e base	luo
adhi soko kiny	luo
wan bedo e soko	luo
wan bedo e town	luo
waneno e field	luo
waneno e market	luo
adhi tich e kibanda	luo
adhi center kiny	luo
adhi tich e soko	luo
adhi town kiny	luo
wan bedo e office	luo
wan dhi school koro	luo
idea en maber	luo
adhi tich e field	luo
party en gi teko	luo
wan bedo e center	luo
chakula en gi teko	luo
wan dhi job koro	luo
wan gi food maber	luo
story en gi teko	luo
waneno e center	luo
game en gi teko	luo
kazi en maber	luo
adhi tich e town	luo
food en maber	luo
adhi market kiny	luo
adhi school kiny	luo
wan gi chakula maber	luo
waneno e market	luo
wan dhi job koro	luo
wan gi music maber	luo
adhi base kiny	luo
adhi tich e job	luo
aora ber job	luo
an gi tich e field	luo
wan bedo e town	luo
wan bedo e center	luo
aora ber town	luo
aora ber center	luo
waneno e job	luo
waneno e center	luo
aora ber town	luo
adhi school kiny	luo
kitu en maber	luo
waneno e market	luo
waneno e kibanda	luo
waneno e market	luo
aora ber job	luo
aora ber school	luo
wan gi party maber	luo
movie en maber	luo
wan dhi job koro	luo
